[
    {
        "resenha": "16",
        "usuario": "4",
        "curtiu": true
    },
    {
        "resenha": "1",
        "usuario": "3",
        "curtiu": true
    },
    {
        "resenha": "2",
        "usuario": "3",
        "curtiu": false
    },
    {
        "resenha": "11",
        "usuario": "3",
        "curtiu": false
    },
    {
        "resenha": "3",
        "usuario": "3",
        "curtiu": true
    },
    {
        "resenha": "4",
        "usuario": "1",
        "curtiu": true
    },
    {
        "resenha": "2",
        "usuario": "1",
        "curtiu": true
    },
    {
        "resenha": "",
        "usuario": "1",
        "curtiu": true
    },
    {
        "resenha": "1",
        "usuario": "1",
        "curtiu": true
    }
]